<?xml version="1.0"?>
<ArrayOfAdjacentStations xmlns:xsi="http://www.w3.org/2001/XMLSchema-instance" xmlns:xsd="http://www.w3.org/2001/XMLSchema">
  <AdjacentStations>
    <Station1>73</Station1>
    <Station2>76</Station2>
    <Distance>5</Distance>
    <Time>10</Time>
  </AdjacentStations>
  <AdjacentStations>
    <Station1>76</Station1>
    <Station2>77</Station2>
    <Distance>3</Distance>
    <Time>6</Time>
  </AdjacentStations>
  <AdjacentStations>
    <Station1>77</Station1>
    <Station2>78</Station2>
    <Distance>2</Distance>
    <Time>4</Time>
  </AdjacentStations>
  <AdjacentStations>
    <Station1>78</Station1>
    <Station2>83</Station2>
    <Distance>5</Distance>
    <Time>10</Time>
  </AdjacentStations>
  <AdjacentStations>
    <Station1>84</Station1>
    <Station2>85</Station2>
    <Distance>1</Distance>
    <Time>2</Time>
  </AdjacentStations>
  <AdjacentStations>
    <Station1>85</Station1>
    <Station2>86</Station2>
    <Distance>2</Distance>
    <Time>4</Time>
  </AdjacentStations>
  <AdjacentStations>
    <Station1>86</Station1>
    <Station2>88</Station2>
    <Distance>4</Distance>
    <Time>8</Time>
  </AdjacentStations>
  <AdjacentStations>
    <Station1>88</Station1>
    <Station2>89</Station2>
    <Distance>2</Distance>
    <Time>4</Time>
  </AdjacentStations>
  <AdjacentStations>
    <Station1>90</Station1>
    <Station2>91</Station2>
    <Distance>3</Distance>
    <Time>6</Time>
  </AdjacentStations>
  <AdjacentStations>
    <Station1>91</Station1>
    <Station2>93</Station2>
    <Distance>3.5</Distance>
    <Time>7</Time>
  </AdjacentStations>
  <AdjacentStations>
    <Station1>93</Station1>
    <Station2>94</Station2>
    <Distance>2.2</Distance>
    <Time>4.4</Time>
  </AdjacentStations>
  <AdjacentStations>
    <Station1>94</Station1>
    <Station2>95</Station2>
    <Distance>0.8</Distance>
    <Time>1.6</Time>
  </AdjacentStations>
  <AdjacentStations>
    <Station1>97</Station1>
    <Station2>102</Station2>
    <Distance>6</Distance>
    <Time>12</Time>
  </AdjacentStations>
  <AdjacentStations>
    <Station1>102</Station1>
    <Station2>103</Station2>
    <Distance>0.5</Distance>
    <Time>1</Time>
  </AdjacentStations>
  <AdjacentStations>
    <Station1>103</Station1>
    <Station2>105</Station2>
    <Distance>2.6</Distance>
    <Time>5.2</Time>
  </AdjacentStations>
  <AdjacentStations>
    <Station1>105</Station1>
    <Station2>106</Station2>
    <Distance>1</Distance>
    <Time>2</Time>
  </AdjacentStations>
  <AdjacentStations>
    <Station1>106</Station1>
    <Station2>108</Station2>
    <Distance>3.7</Distance>
    <Time>7.4</Time>
  </AdjacentStations>
  <AdjacentStations>
    <Station1>109</Station1>
    <Station2>110</Station2>
    <Distance>1.2</Distance>
    <Time>2.4</Time>
  </AdjacentStations>
  <AdjacentStations>
    <Station1>110</Station1>
    <Station2>111</Station2>
    <Distance>0.4</Distance>
    <Time>0.8</Time>
  </AdjacentStations>
  <AdjacentStations>
    <Station1>111</Station1>
    <Station2>112</Station2>
    <Distance>0.9</Distance>
    <Time>1.8</Time>
  </AdjacentStations>
  <AdjacentStations>
    <Station1>112</Station1>
    <Station2>113</Station2>
    <Distance>1.2</Distance>
    <Time>2.4</Time>
  </AdjacentStations>
  <AdjacentStations>
    <Station1>113</Station1>
    <Station2>115</Station2>
    <Distance>1.9</Distance>
    <Time>3.8</Time>
  </AdjacentStations>
  <AdjacentStations>
    <Station1>116</Station1>
    <Station2>117</Station2>
    <Distance>0.3</Distance>
    <Time>0.6</Time>
  </AdjacentStations>
  <AdjacentStations>
    <Station1>117</Station1>
    <Station2>119</Station2>
    <Distance>1.5</Distance>
    <Time>3</Time>
  </AdjacentStations>
  <AdjacentStations>
    <Station1>119</Station1>
    <Station2>1485</Station2>
    <Distance>5.2</Distance>
    <Time>10.4</Time>
  </AdjacentStations>
  <AdjacentStations>
    <Station1>1485</Station1>
    <Station2>1486</Station2>
    <Distance>1.1</Distance>
    <Time>2.2</Time>
  </AdjacentStations>
  <AdjacentStations>
    <Station1>1487</Station1>
    <Station2>1488</Station2>
    <Distance>0.7</Distance>
    <Time>1.4</Time>
  </AdjacentStations>
  <AdjacentStations>
    <Station1>1488</Station1>
    <Station2>1490</Station2>
    <Distance>1.5</Distance>
    <Time>3</Time>
  </AdjacentStations>
  <AdjacentStations>
    <Station1>1490</Station1>
    <Station2>1491</Station2>
    <Distance>1</Distance>
    <Time>2</Time>
  </AdjacentStations>
  <AdjacentStations>
    <Station1>1491</Station1>
    <Station2>1492</Station2>
    <Distance>1.2</Distance>
    <Time>2.4</Time>
  </AdjacentStations>
  <AdjacentStations>
    <Station1>1493</Station1>
    <Station2>1494</Station2>
    <Distance>1.5</Distance>
    <Time>3</Time>
  </AdjacentStations>
  <AdjacentStations>
    <Station1>1494</Station1>
    <Station2>1510</Station2>
    <Distance>4.8</Distance>
    <Time>9.6</Time>
  </AdjacentStations>
  <AdjacentStations>
    <Station1>1510</Station1>
    <Station2>1511</Station2>
    <Distance>1</Distance>
    <Time>2</Time>
  </AdjacentStations>
  <AdjacentStations>
    <Station1>1511</Station1>
    <Station2>1512</Station2>
    <Distance>0.2</Distance>
    <Time>0.4</Time>
  </AdjacentStations>
  <AdjacentStations>
    <Station1>1514</Station1>
    <Station2>1518</Station2>
    <Distance>1.7</Distance>
    <Time>3.4</Time>
  </AdjacentStations>
  <AdjacentStations>
    <Station1>1518</Station1>
    <Station2>1522</Station2>
    <Distance>3.2</Distance>
    <Time>6.4</Time>
  </AdjacentStations>
  <AdjacentStations>
    <Station1>1522</Station1>
    <Station2>1523</Station2>
    <Distance>0.6</Distance>
    <Time>1.2</Time>
  </AdjacentStations>
  <AdjacentStations>
    <Station1>1523</Station1>
    <Station2>1524</Station2>
    <Distance>1.4</Distance>
    <Time>2.8</Time>
  </AdjacentStations>
  <AdjacentStations>
    <Station1>1524</Station1>
    <Station2>121</Station2>
    <Distance>5.5</Distance>
    <Time>11</Time>
  </AdjacentStations>
  <AdjacentStations>
    <Station1>121</Station1>
    <Station2>123</Station2>
    <Distance>1.25</Distance>
    <Time>2.5</Time>
  </AdjacentStations>
  <AdjacentStations>
    <Station1>123</Station1>
    <Station2>122</Station2>
    <Distance>0.5</Distance>
    <Time>1</Time>
  </AdjacentStations>
</ArrayOfAdjacentStations>