<?xml version="1.0"?>
<ArrayOfBus xmlns:xsi="http://www.w3.org/2001/XMLSchema-instance" xmlns:xsd="http://www.w3.org/2001/XMLSchema">
  <Bus>
    <LicenseNum>12345078</LicenseNum>
    <FromDate>2019-05-25T00:00:00</FromDate>
    <ToatalTrip>19800</ToatalTrip>
    <FuelRemain>1200</FuelRemain>
    <status>Ready</status>
  </Bus>
  <Bus>
    <LicenseNum>18345678</LicenseNum>
    <FromDate>2018-08-01T00:00:00</FromDate>
    <ToatalTrip>600</ToatalTrip>
    <FuelRemain>1100</FuelRemain>
    <status>Ready</status>
  </Bus>
  <Bus>
    <LicenseNum>12365678</LicenseNum>
    <FromDate>2020-07-05T00:00:00</FromDate>
    <ToatalTrip>500</ToatalTrip>
    <FuelRemain>10</FuelRemain>
    <status>Ready</status>
  </Bus>
  <Bus>
    <LicenseNum>15345678</LicenseNum>
    <FromDate>2020-10-02T00:00:00</FromDate>
    <ToatalTrip>70</ToatalTrip>
    <FuelRemain>1130</FuelRemain>
    <status>Ready</status>
  </Bus>
  <Bus>
    <LicenseNum>12365678</LicenseNum>
    <FromDate>2020-05-15T00:00:00</FromDate>
    <ToatalTrip>300</ToatalTrip>
    <FuelRemain>600</FuelRemain>
    <status>Ready</status>
  </Bus>
  <Bus>
    <LicenseNum>12340008</LicenseNum>
    <FromDate>2020-09-20T00:00:00</FromDate>
    <ToatalTrip>10000</ToatalTrip>
    <FuelRemain>250</FuelRemain>
    <status>Ready</status>
  </Bus>
  <Bus>
    <LicenseNum>12005678</LicenseNum>
    <FromDate>2019-12-25T00:00:00</FromDate>
    <ToatalTrip>800</ToatalTrip>
    <FuelRemain>1200</FuelRemain>
    <status>In_refuel</status>
  </Bus>
  <Bus>
    <LicenseNum>22345678</LicenseNum>
    <FromDate>2020-05-30T00:00:00</FromDate>
    <ToatalTrip>19000</ToatalTrip>
    <FuelRemain>1200</FuelRemain>
    <status>In_refuel</status>
  </Bus>
  <Bus>
    <LicenseNum>12945678</LicenseNum>
    <FromDate>2020-10-12T00:00:00</FromDate>
    <ToatalTrip>10000</ToatalTrip>
    <FuelRemain>1200</FuelRemain>
    <status>In_refuel</status>
  </Bus>
  <Bus>
    <LicenseNum>1234566</LicenseNum>
    <FromDate>2021-02-16T00:00:00+02:00</FromDate>
    <ToatalTrip>0</ToatalTrip>
    <FuelRemain>1200</FuelRemain>
    <status>In_checkup</status>
  </Bus>
</ArrayOfBus>