<?xml version="1.0"?>
<ArrayOfLineTrip xmlns:xsi="http://www.w3.org/2001/XMLSchema-instance" xmlns:xsd="http://www.w3.org/2001/XMLSchema">
  <LineTrip>
    <LineId>1</LineId>
    <StartAt>25200</StartAt>
  </LineTrip>
  <LineTrip>
    <LineId>1</LineId>
    <StartAt>28800</StartAt>
  </LineTrip>
  <LineTrip>
    <LineId>1</LineId>
    <StartAt>32400</StartAt>
  </LineTrip>
  <LineTrip>
    <LineId>1</LineId>
    <StartAt>36000</StartAt>
  </LineTrip>
  <LineTrip>
    <LineId>1</LineId>
    <StartAt>39600</StartAt>
  </LineTrip>
  <LineTrip>
    <LineId>1</LineId>
    <StartAt>43200</StartAt>
  </LineTrip>
  <LineTrip>
    <LineId>1</LineId>
    <StartAt>46800</StartAt>
  </LineTrip>
  <LineTrip>
    <LineId>1</LineId>
    <StartAt>50400</StartAt>
  </LineTrip>
  <LineTrip>
    <LineId>1</LineId>
    <StartAt>54000</StartAt>
  </LineTrip>
  <LineTrip>
    <LineId>1</LineId>
    <StartAt>57600</StartAt>
  </LineTrip>
  <LineTrip>
    <LineId>1</LineId>
    <StartAt>61200</StartAt>
  </LineTrip>
  <LineTrip>
    <LineId>1</LineId>
    <StartAt>64800</StartAt>
  </LineTrip>
  <LineTrip>
    <LineId>1</LineId>
    <StartAt>68400</StartAt>
  </LineTrip>
  <LineTrip>
    <LineId>1</LineId>
    <StartAt>72000</StartAt>
  </LineTrip>
  <LineTrip>
    <LineId>1</LineId>
    <StartAt>75600</StartAt>
  </LineTrip>
  <LineTrip>
    <LineId>1</LineId>
    <StartAt>79200</StartAt>
  </LineTrip>
  <LineTrip>
    <LineId>1</LineId>
    <StartAt>82800</StartAt>
  </LineTrip>
  <LineTrip>
    <LineId>2</LineId>
    <StartAt>26100</StartAt>
  </LineTrip>
  <LineTrip>
    <LineId>2</LineId>
    <StartAt>27900</StartAt>
  </LineTrip>
  <LineTrip>
    <LineId>2</LineId>
    <StartAt>29700</StartAt>
  </LineTrip>
  <LineTrip>
    <LineId>2</LineId>
    <StartAt>31500</StartAt>
  </LineTrip>
  <LineTrip>
    <LineId>2</LineId>
    <StartAt>33300</StartAt>
  </LineTrip>
  <LineTrip>
    <LineId>2</LineId>
    <StartAt>35100</StartAt>
  </LineTrip>
  <LineTrip>
    <LineId>2</LineId>
    <StartAt>36900</StartAt>
  </LineTrip>
  <LineTrip>
    <LineId>2</LineId>
    <StartAt>38700</StartAt>
  </LineTrip>
  <LineTrip>
    <LineId>2</LineId>
    <StartAt>40500</StartAt>
  </LineTrip>
  <LineTrip>
    <LineId>2</LineId>
    <StartAt>42300</StartAt>
  </LineTrip>
  <LineTrip>
    <LineId>2</LineId>
    <StartAt>44100</StartAt>
  </LineTrip>
  <LineTrip>
    <LineId>2</LineId>
    <StartAt>45900</StartAt>
  </LineTrip>
  <LineTrip>
    <LineId>2</LineId>
    <StartAt>47700</StartAt>
  </LineTrip>
  <LineTrip>
    <LineId>2</LineId>
    <StartAt>49500</StartAt>
  </LineTrip>
  <LineTrip>
    <LineId>2</LineId>
    <StartAt>51300</StartAt>
  </LineTrip>
  <LineTrip>
    <LineId>2</LineId>
    <StartAt>53100</StartAt>
  </LineTrip>
  <LineTrip>
    <LineId>2</LineId>
    <StartAt>54900</StartAt>
  </LineTrip>
  <LineTrip>
    <LineId>2</LineId>
    <StartAt>56700</StartAt>
  </LineTrip>
  <LineTrip>
    <LineId>2</LineId>
    <StartAt>58500</StartAt>
  </LineTrip>
  <LineTrip>
    <LineId>2</LineId>
    <StartAt>60300</StartAt>
  </LineTrip>
  <LineTrip>
    <LineId>2</LineId>
    <StartAt>62100</StartAt>
  </LineTrip>
  <LineTrip>
    <LineId>2</LineId>
    <StartAt>63900</StartAt>
  </LineTrip>
  <LineTrip>
    <LineId>2</LineId>
    <StartAt>65700</StartAt>
  </LineTrip>
  <LineTrip>
    <LineId>2</LineId>
    <StartAt>67500</StartAt>
  </LineTrip>
  <LineTrip>
    <LineId>2</LineId>
    <StartAt>69300</StartAt>
  </LineTrip>
  <LineTrip>
    <LineId>2</LineId>
    <StartAt>71100</StartAt>
  </LineTrip>
  <LineTrip>
    <LineId>2</LineId>
    <StartAt>72900</StartAt>
  </LineTrip>
  <LineTrip>
    <LineId>2</LineId>
    <StartAt>74700</StartAt>
  </LineTrip>
  <LineTrip>
    <LineId>2</LineId>
    <StartAt>76500</StartAt>
  </LineTrip>
  <LineTrip>
    <LineId>2</LineId>
    <StartAt>78300</StartAt>
  </LineTrip>
  <LineTrip>
    <LineId>2</LineId>
    <StartAt>80100</StartAt>
  </LineTrip>
  <LineTrip>
    <LineId>2</LineId>
    <StartAt>81900</StartAt>
  </LineTrip>
  <LineTrip>
    <LineId>2</LineId>
    <StartAt>83700</StartAt>
  </LineTrip>
  <LineTrip>
    <LineId>3</LineId>
    <StartAt>25800</StartAt>
  </LineTrip>
  <LineTrip>
    <LineId>3</LineId>
    <StartAt>33000</StartAt>
  </LineTrip>
  <LineTrip>
    <LineId>3</LineId>
    <StartAt>40200</StartAt>
  </LineTrip>
  <LineTrip>
    <LineId>3</LineId>
    <StartAt>47400</StartAt>
  </LineTrip>
  <LineTrip>
    <LineId>3</LineId>
    <StartAt>54600</StartAt>
  </LineTrip>
  <LineTrip>
    <LineId>3</LineId>
    <StartAt>61800</StartAt>
  </LineTrip>
  <LineTrip>
    <LineId>3</LineId>
    <StartAt>69000</StartAt>
  </LineTrip>
  <LineTrip>
    <LineId>3</LineId>
    <StartAt>76200</StartAt>
  </LineTrip>
  <LineTrip>
    <LineId>3</LineId>
    <StartAt>83400</StartAt>
  </LineTrip>
  <LineTrip>
    <LineId>4</LineId>
    <StartAt>26400</StartAt>
  </LineTrip>
  <LineTrip>
    <LineId>4</LineId>
    <StartAt>28800</StartAt>
  </LineTrip>
  <LineTrip>
    <LineId>4</LineId>
    <StartAt>31200</StartAt>
  </LineTrip>
  <LineTrip>
    <LineId>4</LineId>
    <StartAt>33600</StartAt>
  </LineTrip>
  <LineTrip>
    <LineId>4</LineId>
    <StartAt>36000</StartAt>
  </LineTrip>
  <LineTrip>
    <LineId>4</LineId>
    <StartAt>38400</StartAt>
  </LineTrip>
  <LineTrip>
    <LineId>4</LineId>
    <StartAt>40800</StartAt>
  </LineTrip>
  <LineTrip>
    <LineId>4</LineId>
    <StartAt>43200</StartAt>
  </LineTrip>
  <LineTrip>
    <LineId>4</LineId>
    <StartAt>45600</StartAt>
  </LineTrip>
  <LineTrip>
    <LineId>4</LineId>
    <StartAt>48000</StartAt>
  </LineTrip>
  <LineTrip>
    <LineId>4</LineId>
    <StartAt>50400</StartAt>
  </LineTrip>
  <LineTrip>
    <LineId>4</LineId>
    <StartAt>52800</StartAt>
  </LineTrip>
  <LineTrip>
    <LineId>4</LineId>
    <StartAt>55200</StartAt>
  </LineTrip>
  <LineTrip>
    <LineId>4</LineId>
    <StartAt>57600</StartAt>
  </LineTrip>
  <LineTrip>
    <LineId>4</LineId>
    <StartAt>60000</StartAt>
  </LineTrip>
  <LineTrip>
    <LineId>4</LineId>
    <StartAt>62400</StartAt>
  </LineTrip>
  <LineTrip>
    <LineId>4</LineId>
    <StartAt>64800</StartAt>
  </LineTrip>
  <LineTrip>
    <LineId>5</LineId>
    <StartAt>19200</StartAt>
  </LineTrip>
  <LineTrip>
    <LineId>5</LineId>
    <StartAt>30000</StartAt>
  </LineTrip>
  <LineTrip>
    <LineId>5</LineId>
    <StartAt>40800</StartAt>
  </LineTrip>
  <LineTrip>
    <LineId>5</LineId>
    <StartAt>51600</StartAt>
  </LineTrip>
  <LineTrip>
    <LineId>5</LineId>
    <StartAt>62400</StartAt>
  </LineTrip>
  <LineTrip>
    <LineId>5</LineId>
    <StartAt>73200</StartAt>
  </LineTrip>
  <LineTrip>
    <LineId>5</LineId>
    <StartAt>82800</StartAt>
  </LineTrip>
  <LineTrip>
    <LineId>5</LineId>
    <StartAt>84000</StartAt>
  </LineTrip>
  <LineTrip>
    <LineId>6</LineId>
    <StartAt>19800</StartAt>
  </LineTrip>
  <LineTrip>
    <LineId>6</LineId>
    <StartAt>23400</StartAt>
  </LineTrip>
  <LineTrip>
    <LineId>6</LineId>
    <StartAt>27000</StartAt>
  </LineTrip>
  <LineTrip>
    <LineId>6</LineId>
    <StartAt>30600</StartAt>
  </LineTrip>
  <LineTrip>
    <LineId>6</LineId>
    <StartAt>32400</StartAt>
  </LineTrip>
  <LineTrip>
    <LineId>6</LineId>
    <StartAt>34200</StartAt>
  </LineTrip>
  <LineTrip>
    <LineId>6</LineId>
    <StartAt>36000</StartAt>
  </LineTrip>
  <LineTrip>
    <LineId>6</LineId>
    <StartAt>37800</StartAt>
  </LineTrip>
  <LineTrip>
    <LineId>6</LineId>
    <StartAt>41400</StartAt>
  </LineTrip>
  <LineTrip>
    <LineId>6</LineId>
    <StartAt>43200</StartAt>
  </LineTrip>
  <LineTrip>
    <LineId>6</LineId>
    <StartAt>46800</StartAt>
  </LineTrip>
  <LineTrip>
    <LineId>6</LineId>
    <StartAt>48600</StartAt>
  </LineTrip>
  <LineTrip>
    <LineId>6</LineId>
    <StartAt>52200</StartAt>
  </LineTrip>
  <LineTrip>
    <LineId>6</LineId>
    <StartAt>55800</StartAt>
  </LineTrip>
  <LineTrip>
    <LineId>6</LineId>
    <StartAt>59400</StartAt>
  </LineTrip>
  <LineTrip>
    <LineId>6</LineId>
    <StartAt>63000</StartAt>
  </LineTrip>
  <LineTrip>
    <LineId>6</LineId>
    <StartAt>66600</StartAt>
  </LineTrip>
  <LineTrip>
    <LineId>6</LineId>
    <StartAt>70200</StartAt>
  </LineTrip>
  <LineTrip>
    <LineId>6</LineId>
    <StartAt>72000</StartAt>
  </LineTrip>
  <LineTrip>
    <LineId>7</LineId>
    <StartAt>38700</StartAt>
  </LineTrip>
  <LineTrip>
    <LineId>7</LineId>
    <StartAt>42300</StartAt>
  </LineTrip>
  <LineTrip>
    <LineId>7</LineId>
    <StartAt>45900</StartAt>
  </LineTrip>
  <LineTrip>
    <LineId>7</LineId>
    <StartAt>49500</StartAt>
  </LineTrip>
  <LineTrip>
    <LineId>7</LineId>
    <StartAt>53100</StartAt>
  </LineTrip>
  <LineTrip>
    <LineId>7</LineId>
    <StartAt>56700</StartAt>
  </LineTrip>
  <LineTrip>
    <LineId>7</LineId>
    <StartAt>60300</StartAt>
  </LineTrip>
  <LineTrip>
    <LineId>7</LineId>
    <StartAt>63900</StartAt>
  </LineTrip>
  <LineTrip>
    <LineId>7</LineId>
    <StartAt>67500</StartAt>
  </LineTrip>
  <LineTrip>
    <LineId>7</LineId>
    <StartAt>71100</StartAt>
  </LineTrip>
  <LineTrip>
    <LineId>7</LineId>
    <StartAt>74700</StartAt>
  </LineTrip>
  <LineTrip>
    <LineId>8</LineId>
    <StartAt>29100</StartAt>
  </LineTrip>
  <LineTrip>
    <LineId>8</LineId>
    <StartAt>32100</StartAt>
  </LineTrip>
  <LineTrip>
    <LineId>8</LineId>
    <StartAt>35100</StartAt>
  </LineTrip>
  <LineTrip>
    <LineId>8</LineId>
    <StartAt>38100</StartAt>
  </LineTrip>
  <LineTrip>
    <LineId>8</LineId>
    <StartAt>41100</StartAt>
  </LineTrip>
  <LineTrip>
    <LineId>8</LineId>
    <StartAt>44100</StartAt>
  </LineTrip>
  <LineTrip>
    <LineId>8</LineId>
    <StartAt>47100</StartAt>
  </LineTrip>
  <LineTrip>
    <LineId>8</LineId>
    <StartAt>50100</StartAt>
  </LineTrip>
  <LineTrip>
    <LineId>8</LineId>
    <StartAt>53100</StartAt>
  </LineTrip>
  <LineTrip>
    <LineId>8</LineId>
    <StartAt>56100</StartAt>
  </LineTrip>
  <LineTrip>
    <LineId>8</LineId>
    <StartAt>59100</StartAt>
  </LineTrip>
  <LineTrip>
    <LineId>8</LineId>
    <StartAt>62100</StartAt>
  </LineTrip>
  <LineTrip>
    <LineId>8</LineId>
    <StartAt>65100</StartAt>
  </LineTrip>
  <LineTrip>
    <LineId>8</LineId>
    <StartAt>68100</StartAt>
  </LineTrip>
  <LineTrip>
    <LineId>8</LineId>
    <StartAt>71100</StartAt>
  </LineTrip>
  <LineTrip>
    <LineId>8</LineId>
    <StartAt>74100</StartAt>
  </LineTrip>
  <LineTrip>
    <LineId>8</LineId>
    <StartAt>77100</StartAt>
  </LineTrip>
  <LineTrip>
    <LineId>8</LineId>
    <StartAt>80100</StartAt>
  </LineTrip>
  <LineTrip>
    <LineId>8</LineId>
    <StartAt>83100</StartAt>
  </LineTrip>
  <LineTrip>
    <LineId>8</LineId>
    <StartAt>86100</StartAt>
  </LineTrip>
  <LineTrip>
    <LineId>9</LineId>
    <StartAt>22320</StartAt>
  </LineTrip>
  <LineTrip>
    <LineId>9</LineId>
    <StartAt>25920</StartAt>
  </LineTrip>
  <LineTrip>
    <LineId>9</LineId>
    <StartAt>29520</StartAt>
  </LineTrip>
  <LineTrip>
    <LineId>9</LineId>
    <StartAt>33120</StartAt>
  </LineTrip>
  <LineTrip>
    <LineId>9</LineId>
    <StartAt>36720</StartAt>
  </LineTrip>
  <LineTrip>
    <LineId>9</LineId>
    <StartAt>43920</StartAt>
  </LineTrip>
  <LineTrip>
    <LineId>9</LineId>
    <StartAt>47520</StartAt>
  </LineTrip>
  <LineTrip>
    <LineId>9</LineId>
    <StartAt>51120</StartAt>
  </LineTrip>
  <LineTrip>
    <LineId>9</LineId>
    <StartAt>54720</StartAt>
  </LineTrip>
  <LineTrip>
    <LineId>9</LineId>
    <StartAt>58320</StartAt>
  </LineTrip>
  <LineTrip>
    <LineId>9</LineId>
    <StartAt>61920</StartAt>
  </LineTrip>
  <LineTrip>
    <LineId>9</LineId>
    <StartAt>65520</StartAt>
  </LineTrip>
  <LineTrip>
    <LineId>9</LineId>
    <StartAt>69120</StartAt>
  </LineTrip>
  <LineTrip>
    <LineId>9</LineId>
    <StartAt>72720</StartAt>
  </LineTrip>
  <LineTrip>
    <LineId>9</LineId>
    <StartAt>76320</StartAt>
  </LineTrip>
  <LineTrip>
    <LineId>9</LineId>
    <StartAt>79920</StartAt>
  </LineTrip>
  <LineTrip>
    <LineId>10</LineId>
    <StartAt>21600</StartAt>
  </LineTrip>
  <LineTrip>
    <LineId>10</LineId>
    <StartAt>22500</StartAt>
  </LineTrip>
  <LineTrip>
    <LineId>10</LineId>
    <StartAt>23400</StartAt>
  </LineTrip>
  <LineTrip>
    <LineId>10</LineId>
    <StartAt>24300</StartAt>
  </LineTrip>
  <LineTrip>
    <LineId>10</LineId>
    <StartAt>25200</StartAt>
  </LineTrip>
  <LineTrip>
    <LineId>10</LineId>
    <StartAt>26100</StartAt>
  </LineTrip>
  <LineTrip>
    <LineId>10</LineId>
    <StartAt>27000</StartAt>
  </LineTrip>
  <LineTrip>
    <LineId>10</LineId>
    <StartAt>27900</StartAt>
  </LineTrip>
  <LineTrip>
    <LineId>10</LineId>
    <StartAt>28800</StartAt>
  </LineTrip>
  <LineTrip>
    <LineId>10</LineId>
    <StartAt>29700</StartAt>
  </LineTrip>
  <LineTrip>
    <LineId>10</LineId>
    <StartAt>30600</StartAt>
  </LineTrip>
  <LineTrip>
    <LineId>10</LineId>
    <StartAt>31500</StartAt>
  </LineTrip>
  <LineTrip>
    <LineId>10</LineId>
    <StartAt>32400</StartAt>
  </LineTrip>
  <LineTrip>
    <LineId>10</LineId>
    <StartAt>33300</StartAt>
  </LineTrip>
  <LineTrip>
    <LineId>10</LineId>
    <StartAt>34200</StartAt>
  </LineTrip>
  <LineTrip>
    <LineId>10</LineId>
    <StartAt>35100</StartAt>
  </LineTrip>
  <LineTrip>
    <LineId>10</LineId>
    <StartAt>36000</StartAt>
  </LineTrip>
  <LineTrip>
    <LineId>10</LineId>
    <StartAt>36900</StartAt>
  </LineTrip>
  <LineTrip>
    <LineId>10</LineId>
    <StartAt>37800</StartAt>
  </LineTrip>
  <LineTrip>
    <LineId>10</LineId>
    <StartAt>38700</StartAt>
  </LineTrip>
  <LineTrip>
    <LineId>10</LineId>
    <StartAt>39600</StartAt>
  </LineTrip>
  <LineTrip>
    <LineId>10</LineId>
    <StartAt>40500</StartAt>
  </LineTrip>
  <LineTrip>
    <LineId>10</LineId>
    <StartAt>41400</StartAt>
  </LineTrip>
  <LineTrip>
    <LineId>10</LineId>
    <StartAt>42300</StartAt>
  </LineTrip>
  <LineTrip>
    <LineId>10</LineId>
    <StartAt>43200</StartAt>
  </LineTrip>
  <LineTrip>
    <LineId>10</LineId>
    <StartAt>44100</StartAt>
  </LineTrip>
  <LineTrip>
    <LineId>10</LineId>
    <StartAt>45000</StartAt>
  </LineTrip>
  <LineTrip>
    <LineId>10</LineId>
    <StartAt>45900</StartAt>
  </LineTrip>
  <LineTrip>
    <LineId>10</LineId>
    <StartAt>46800</StartAt>
  </LineTrip>
  <LineTrip>
    <LineId>10</LineId>
    <StartAt>47700</StartAt>
  </LineTrip>
  <LineTrip>
    <LineId>10</LineId>
    <StartAt>48600</StartAt>
  </LineTrip>
  <LineTrip>
    <LineId>10</LineId>
    <StartAt>49500</StartAt>
  </LineTrip>
  <LineTrip>
    <LineId>10</LineId>
    <StartAt>50400</StartAt>
  </LineTrip>
  <LineTrip>
    <LineId>10</LineId>
    <StartAt>51300</StartAt>
  </LineTrip>
  <LineTrip>
    <LineId>10</LineId>
    <StartAt>52200</StartAt>
  </LineTrip>
  <LineTrip>
    <LineId>10</LineId>
    <StartAt>53100</StartAt>
  </LineTrip>
  <LineTrip>
    <LineId>10</LineId>
    <StartAt>54000</StartAt>
  </LineTrip>
  <LineTrip>
    <LineId>10</LineId>
    <StartAt>54900</StartAt>
  </LineTrip>
  <LineTrip>
    <LineId>10</LineId>
    <StartAt>55800</StartAt>
  </LineTrip>
  <LineTrip>
    <LineId>10</LineId>
    <StartAt>56700</StartAt>
  </LineTrip>
  <LineTrip>
    <LineId>10</LineId>
    <StartAt>57600</StartAt>
  </LineTrip>
  <LineTrip>
    <LineId>10</LineId>
    <StartAt>58500</StartAt>
  </LineTrip>
  <LineTrip>
    <LineId>10</LineId>
    <StartAt>59400</StartAt>
  </LineTrip>
  <LineTrip>
    <LineId>10</LineId>
    <StartAt>60300</StartAt>
  </LineTrip>
  <LineTrip>
    <LineId>10</LineId>
    <StartAt>61200</StartAt>
  </LineTrip>
  <LineTrip>
    <LineId>10</LineId>
    <StartAt>62100</StartAt>
  </LineTrip>
  <LineTrip>
    <LineId>10</LineId>
    <StartAt>63000</StartAt>
  </LineTrip>
  <LineTrip>
    <LineId>10</LineId>
    <StartAt>63900</StartAt>
  </LineTrip>
  <LineTrip>
    <LineId>10</LineId>
    <StartAt>64800</StartAt>
  </LineTrip>
  <LineTrip>
    <LineId>10</LineId>
    <StartAt>65700</StartAt>
  </LineTrip>
  <LineTrip>
    <LineId>10</LineId>
    <StartAt>66600</StartAt>
  </LineTrip>
  <LineTrip>
    <LineId>10</LineId>
    <StartAt>67500</StartAt>
  </LineTrip>
  <LineTrip>
    <LineId>10</LineId>
    <StartAt>68400</StartAt>
  </LineTrip>
  <LineTrip>
    <LineId>10</LineId>
    <StartAt>69300</StartAt>
  </LineTrip>
  <LineTrip>
    <LineId>10</LineId>
    <StartAt>70200</StartAt>
  </LineTrip>
  <LineTrip>
    <LineId>10</LineId>
    <StartAt>71100</StartAt>
  </LineTrip>
  <LineTrip>
    <LineId>10</LineId>
    <StartAt>72000</StartAt>
  </LineTrip>
  <LineTrip>
    <LineId>10</LineId>
    <StartAt>72900</StartAt>
  </LineTrip>
  <LineTrip>
    <LineId>10</LineId>
    <StartAt>73800</StartAt>
  </LineTrip>
  <LineTrip>
    <LineId>10</LineId>
    <StartAt>74700</StartAt>
  </LineTrip>
  <LineTrip>
    <LineId>10</LineId>
    <StartAt>75600</StartAt>
  </LineTrip>
  <LineTrip>
    <LineId>10</LineId>
    <StartAt>76500</StartAt>
  </LineTrip>
  <LineTrip>
    <LineId>10</LineId>
    <StartAt>77400</StartAt>
  </LineTrip>
  <LineTrip>
    <LineId>10</LineId>
    <StartAt>78300</StartAt>
  </LineTrip>
  <LineTrip>
    <LineId>10</LineId>
    <StartAt>79200</StartAt>
  </LineTrip>
  <LineTrip>
    <LineId>10</LineId>
    <StartAt>80100</StartAt>
  </LineTrip>
  <LineTrip>
    <LineId>10</LineId>
    <StartAt>81000</StartAt>
  </LineTrip>
  <LineTrip>
    <LineId>10</LineId>
    <StartAt>81900</StartAt>
  </LineTrip>
  <LineTrip>
    <LineId>10</LineId>
    <StartAt>82800</StartAt>
  </LineTrip>
  <LineTrip>
    <LineId>10</LineId>
    <StartAt>83700</StartAt>
  </LineTrip>
  <LineTrip>
    <LineId>10</LineId>
    <StartAt>84600</StartAt>
  </LineTrip>
  <LineTrip>
    <LineId>10</LineId>
    <StartAt>85500</StartAt>
  </LineTrip>
  <LineTrip>
    <LineId>10</LineId>
    <StartAt>0</StartAt>
  </LineTrip>
</ArrayOfLineTrip>