<?xml version="1.0"?>
<ArrayOfLine xmlns:xsi="http://www.w3.org/2001/XMLSchema-instance" xmlns:xsd="http://www.w3.org/2001/XMLSchema">
  <Line>
    <Id>1</Id>
    <Code>1</Code>
    <Area>JERUSALEM</Area>
    <FirstStation>73</FirstStation>
    <LastStation>83</LastStation>
  </Line>
  <Line>
    <Id>2</Id>
    <Code>2</Code>
    <Area>JERUSALEM</Area>
    <FirstStation>84</FirstStation>
    <LastStation>89</LastStation>
  </Line>
  <Line>
    <Id>3</Id>
    <Code>3</Code>
    <Area>JERUSALEM</Area>
    <FirstStation>90</FirstStation>
    <LastStation>95</LastStation>
  </Line>
  <Line>
    <Id>4</Id>
    <Code>4</Code>
    <Area>JERUSALEM</Area>
    <FirstStation>97</FirstStation>
    <LastStation>112</LastStation>
  </Line>
  <Line>
    <Id>5</Id>
    <Code>5</Code>
    <Area>JERUSALEM</Area>
    <FirstStation>110</FirstStation>
    <LastStation>115</LastStation>
  </Line>
  <Line>
    <Id>6</Id>
    <Code>6</Code>
    <Area>JERUSALEM</Area>
    <FirstStation>116</FirstStation>
    <LastStation>1486</LastStation>
  </Line>
  <Line>
    <Id>7</Id>
    <Code>7</Code>
    <Area>JERUSALEM</Area>
    <FirstStation>1487</FirstStation>
    <LastStation>1492</LastStation>
  </Line>
  <Line>
    <Id>8</Id>
    <Code>8</Code>
    <Area>JERUSALEM</Area>
    <FirstStation>1493</FirstStation>
    <LastStation>1512</LastStation>
  </Line>
  <Line>
    <Id>9</Id>
    <Code>9</Code>
    <Area>JERUSALEM</Area>
    <FirstStation>1514</FirstStation>
    <LastStation>1524</LastStation>
  </Line>
  <Line>
    <Id>10</Id>
    <Code>10</Code>
    <Area>JERUSALEM</Area>
    <FirstStation>1523</FirstStation>
    <LastStation>122</LastStation>
  </Line>
</ArrayOfLine>