<?xml version="1.0"?>
<ArrayOfLineStation xmlns:xsi="http://www.w3.org/2001/XMLSchema-instance" xmlns:xsd="http://www.w3.org/2001/XMLSchema">
  <LineStation>
    <LineId>1</LineId>
    <Station>73</Station>
    <LineStationIndex>0</LineStationIndex>
  </LineStation>
  <LineStation>
    <LineId>1</LineId>
    <Station>76</Station>
    <LineStationIndex>1</LineStationIndex>
  </LineStation>
  <LineStation>
    <LineId>1</LineId>
    <Station>77</Station>
    <LineStationIndex>2</LineStationIndex>
  </LineStation>
  <LineStation>
    <LineId>1</LineId>
    <Station>78</Station>
    <LineStationIndex>3</LineStationIndex>
  </LineStation>
  <LineStation>
    <LineId>1</LineId>
    <Station>83</Station>
    <LineStationIndex>4</LineStationIndex>
  </LineStation>
  <LineStation>
    <LineId>2</LineId>
    <Station>84</Station>
    <LineStationIndex>0</LineStationIndex>
  </LineStation>
  <LineStation>
    <LineId>2</LineId>
    <Station>85</Station>
    <LineStationIndex>1</LineStationIndex>
  </LineStation>
  <LineStation>
    <LineId>2</LineId>
    <Station>86</Station>
    <LineStationIndex>2</LineStationIndex>
  </LineStation>
  <LineStation>
    <LineId>2</LineId>
    <Station>88</Station>
    <LineStationIndex>3</LineStationIndex>
  </LineStation>
  <LineStation>
    <LineId>2</LineId>
    <Station>89</Station>
    <LineStationIndex>4</LineStationIndex>
  </LineStation>
  <LineStation>
    <LineId>3</LineId>
    <Station>90</Station>
    <LineStationIndex>0</LineStationIndex>
  </LineStation>
  <LineStation>
    <LineId>3</LineId>
    <Station>91</Station>
    <LineStationIndex>1</LineStationIndex>
  </LineStation>
  <LineStation>
    <LineId>3</LineId>
    <Station>93</Station>
    <LineStationIndex>2</LineStationIndex>
  </LineStation>
  <LineStation>
    <LineId>3</LineId>
    <Station>94</Station>
    <LineStationIndex>3</LineStationIndex>
  </LineStation>
  <LineStation>
    <LineId>3</LineId>
    <Station>95</Station>
    <LineStationIndex>4</LineStationIndex>
  </LineStation>
  <LineStation>
    <LineId>4</LineId>
    <Station>97</Station>
    <LineStationIndex>0</LineStationIndex>
  </LineStation>
  <LineStation>
    <LineId>4</LineId>
    <Station>102</Station>
    <LineStationIndex>1</LineStationIndex>
  </LineStation>
  <LineStation>
    <LineId>4</LineId>
    <Station>103</Station>
    <LineStationIndex>2</LineStationIndex>
  </LineStation>
  <LineStation>
    <LineId>4</LineId>
    <Station>105</Station>
    <LineStationIndex>3</LineStationIndex>
  </LineStation>
  <LineStation>
    <LineId>4</LineId>
    <Station>106</Station>
    <LineStationIndex>4</LineStationIndex>
  </LineStation>
  <LineStation>
    <LineId>4</LineId>
    <Station>108</Station>
    <LineStationIndex>5</LineStationIndex>
  </LineStation>
  <LineStation>
    <LineId>4</LineId>
    <Station>109</Station>
    <LineStationIndex>6</LineStationIndex>
  </LineStation>
  <LineStation>
    <LineId>4</LineId>
    <Station>110</Station>
    <LineStationIndex>7</LineStationIndex>
  </LineStation>
  <LineStation>
    <LineId>4</LineId>
    <Station>111</Station>
    <LineStationIndex>8</LineStationIndex>
  </LineStation>
  <LineStation>
    <LineId>4</LineId>
    <Station>112</Station>
    <LineStationIndex>9</LineStationIndex>
  </LineStation>
  <LineStation>
    <LineId>5</LineId>
    <Station>110</Station>
    <LineStationIndex>0</LineStationIndex>
  </LineStation>
  <LineStation>
    <LineId>5</LineId>
    <Station>111</Station>
    <LineStationIndex>1</LineStationIndex>
  </LineStation>
  <LineStation>
    <LineId>5</LineId>
    <Station>112</Station>
    <LineStationIndex>2</LineStationIndex>
  </LineStation>
  <LineStation>
    <LineId>5</LineId>
    <Station>113</Station>
    <LineStationIndex>3</LineStationIndex>
  </LineStation>
  <LineStation>
    <LineId>5</LineId>
    <Station>115</Station>
    <LineStationIndex>4</LineStationIndex>
  </LineStation>
  <LineStation>
    <LineId>6</LineId>
    <Station>116</Station>
    <LineStationIndex>0</LineStationIndex>
  </LineStation>
  <LineStation>
    <LineId>6</LineId>
    <Station>117</Station>
    <LineStationIndex>1</LineStationIndex>
  </LineStation>
  <LineStation>
    <LineId>6</LineId>
    <Station>119</Station>
    <LineStationIndex>2</LineStationIndex>
  </LineStation>
  <LineStation>
    <LineId>6</LineId>
    <Station>1485</Station>
    <LineStationIndex>3</LineStationIndex>
  </LineStation>
  <LineStation>
    <LineId>6</LineId>
    <Station>1486</Station>
    <LineStationIndex>4</LineStationIndex>
  </LineStation>
  <LineStation>
    <LineId>7</LineId>
    <Station>1487</Station>
    <LineStationIndex>0</LineStationIndex>
  </LineStation>
  <LineStation>
    <LineId>7</LineId>
    <Station>1488</Station>
    <LineStationIndex>1</LineStationIndex>
  </LineStation>
  <LineStation>
    <LineId>7</LineId>
    <Station>1490</Station>
    <LineStationIndex>2</LineStationIndex>
  </LineStation>
  <LineStation>
    <LineId>7</LineId>
    <Station>1491</Station>
    <LineStationIndex>3</LineStationIndex>
  </LineStation>
  <LineStation>
    <LineId>7</LineId>
    <Station>1492</Station>
    <LineStationIndex>4</LineStationIndex>
  </LineStation>
  <LineStation>
    <LineId>8</LineId>
    <Station>1493</Station>
    <LineStationIndex>0</LineStationIndex>
  </LineStation>
  <LineStation>
    <LineId>8</LineId>
    <Station>1494</Station>
    <LineStationIndex>1</LineStationIndex>
  </LineStation>
  <LineStation>
    <LineId>8</LineId>
    <Station>1510</Station>
    <LineStationIndex>2</LineStationIndex>
  </LineStation>
  <LineStation>
    <LineId>8</LineId>
    <Station>1511</Station>
    <LineStationIndex>3</LineStationIndex>
  </LineStation>
  <LineStation>
    <LineId>8</LineId>
    <Station>1512</Station>
    <LineStationIndex>4</LineStationIndex>
  </LineStation>
  <LineStation>
    <LineId>9</LineId>
    <Station>1514</Station>
    <LineStationIndex>0</LineStationIndex>
  </LineStation>
  <LineStation>
    <LineId>9</LineId>
    <Station>1518</Station>
    <LineStationIndex>1</LineStationIndex>
  </LineStation>
  <LineStation>
    <LineId>9</LineId>
    <Station>1522</Station>
    <LineStationIndex>2</LineStationIndex>
  </LineStation>
  <LineStation>
    <LineId>9</LineId>
    <Station>1523</Station>
    <LineStationIndex>3</LineStationIndex>
  </LineStation>
  <LineStation>
    <LineId>9</LineId>
    <Station>1524</Station>
    <LineStationIndex>4</LineStationIndex>
  </LineStation>
  <LineStation>
    <LineId>10</LineId>
    <Station>1523</Station>
    <LineStationIndex>0</LineStationIndex>
  </LineStation>
  <LineStation>
    <LineId>10</LineId>
    <Station>1524</Station>
    <LineStationIndex>1</LineStationIndex>
  </LineStation>
  <LineStation>
    <LineId>10</LineId>
    <Station>121</Station>
    <LineStationIndex>2</LineStationIndex>
  </LineStation>
  <LineStation>
    <LineId>10</LineId>
    <Station>123</Station>
    <LineStationIndex>3</LineStationIndex>
  </LineStation>
  <LineStation>
    <LineId>10</LineId>
    <Station>122</Station>
    <LineStationIndex>4</LineStationIndex>
  </LineStation>
</ArrayOfLineStation>